<?xml version="1.0" encoding="UTF-8"?>
<project-private xmlns="http://www.netbeans.org/ns/project-private/1">
    <editor-bookmarks xmlns="http://www.netbeans.org/ns/editor-bookmarks/2" lastBookmarkId="0"/>
    <open-files xmlns="http://www.netbeans.org/ns/projectui-open-files/2">
        <group>
            <file>file:/C:/xampp/htdocs/sale_property1/doEditConstruction.php</file>
            <file>file:/C:/xampp/htdocs/sale_property1/project.php</file>
            <file>file:/C:/xampp/htdocs/sale_property1/navbar.php</file>
            <file>file:/C:/xampp/htdocs/sale_property1/doLogin.php</file>
            <file>file:/C:/xampp/htdocs/sale_property1/deleteActivity.php</file>
            <file>file:/C:/xampp/htdocs/sale_property1/excel.php</file>
            <file>file:/C:/xampp/htdocs/sale_property1/property.php</file>
            <file>file:/C:/xampp/htdocs/sale_property1/addProperty.php</file>
        </group>
    </open-files>
</project-private>
